{
    "net_topology": null,
    "J": [
        0.94310115251223,
        -1.652440940650287,
        -0.8147110386515471,
        -1.111093216528804,
        1.0657302146552305,
        -1.2893715083875685,
        0.667761999145396,
        0.8889301379403654,
        -1.7791766086216878,
        -0.9124052068206239,
        0.4425605493531766,
        0.6689550507539955,
        -0.44256061590980156,
        -0.9124052219776724,
        -1.5951670289021245,
        -0.9544545351537749,
        0.45760658059812503,
        -1.0022187264745466,
        -0.1524050645566893,
        0.5476444004199296,
        0.5401061952982554,
        -0.4277418248258724,
        -0.4896793601760867,
        0.34674426362003835,
        0.30630356583359336,
        0.9506682911624584,
        -1.9979669523340673,
        -0.2276870773774029,
        -0.5211777116353916,
        0.006166469689863531,
        0.79853666654898,
        -0.1653594778748858,
        0.061480068803858534,
        -0.6953571225661421,
        -0.06173811936352924,
        -0.8380252316031299
    ],
    "num_system_qubits": 3,
    "full_unitary.real": [
        [
            -0.9238795335749609,
            -4.786910151903176e-09,
            -8.039782917104027e-10,
            -4.574536952906862e-09,
            3.832382433480771e-09,
            -1.1191467745314942e-08,
            9.545484415916794e-10,
            -4.8909589631367795e-09
        ],
        [
            5.039434955922059e-09,
            -0.9238795324636595,
            -1.5351921062948387e-08,
            4.687177070084037e-10,
            -2.552584419703019e-08,
            -1.5650693727109477e-09,
            1.2618659603336191e-08,
            2.230734882577301e-08
        ],
        [
            4.226324651465836e-09,
            -1.4190252244951351e-08,
            -0.9238795312213506,
            4.664838387964665e-09,
            2.1219642210024148e-08,
            3.796935543753932e-08,
            -4.383359578086221e-10,
            -4.491219874735303e-09
        ],
        [
            7.387037579992695e-09,
            -2.5524271134169663e-09,
            -6.838968317113454e-09,
            -0.9238795333167906,
            6.1857937417057404e-09,
            -2.3617757129775624e-08,
            2.5318431752172077e-08,
            -4.987443257865876e-10
        ],
        [
            -1.7282311725371619e-10,
            -3.428084646879548e-09,
            -2.636352750196762e-08,
            -1.6630788372308525e-08,
            -0.9238795317347568,
            6.105690291465654e-09,
            1.682896880877971e-09,
            -6.772970162147174e-10
        ],
        [
            8.454133991931019e-09,
            -1.1644328348769939e-09,
            -2.3488378998411975e-08,
            2.936303723690553e-08,
            -5.726868901193352e-09,
            -0.923879532874154,
            2.4412957242564426e-08,
            -1.5714156072297453e-08
        ],
        [
            7.007828385294235e-09,
            -1.3519465151545784e-08,
            5.548097691335241e-09,
            6.1538146661765936e-09,
            -2.5878264088910474e-09,
            1.6169812964289543e-08,
            -0.6532814888689115,
            -0.6532814748045729
        ],
        [
            -6.957692745188614e-09,
            -1.126084726507659e-08,
            -1.0845739661295532e-08,
            5.149806492701914e-10,
            -5.3255198484598865e-09,
            -7.894078966029505e-09,
            -0.6532814796277646,
            0.653281486284675
        ]
    ],
    "full_unitary.imag": [
        [
            -0.3826834297971517,
            -2.339927101038808e-09,
            -5.172948059489757e-09,
            -5.872311679457065e-09,
            -3.587973400483689e-09,
            -7.644826252074799e-10,
            -1.0046841136812645e-09,
            -9.07456239752219e-09
        ],
        [
            1.730278404549982e-09,
            -0.3826834324800662,
            3.541996872983167e-08,
            3.14096077445869e-09,
            3.03738878753429e-08,
            3.211824921474371e-09,
            1.2161653368397696e-08,
            -2.0048731583753587e-08
        ],
        [
            -3.089328315733497e-09,
            3.590114603345407e-08,
            -0.3826834354792655,
            5.006922531095026e-09,
            1.6064018207653796e-08,
            -4.751770877817196e-09,
            5.735978830800903e-09,
            -1.1902617939874016e-08
        ],
        [
            -9.176651363709126e-10,
            1.889560364079501e-09,
            2.418891168094739e-10,
            -0.3826834304204265,
            1.7333692774526566e-08,
            -1.7907845800864408e-08,
            -3.1987227228080783e-08,
            -5.140090204164283e-09
        ],
        [
            -5.246984336110868e-09,
            3.9527080301568485e-08,
            -3.645576567836914e-09,
            7.882755501294192e-09,
            -0.3826834342397943,
            1.9933261434686156e-09,
            6.2304488217951315e-09,
            -2.060398441271205e-09
        ],
        [
            7.372991714664663e-09,
            3.3777739156040654e-09,
            -3.02083982765388e-08,
            4.0375174536165515e-09,
            -2.9078804648485085e-09,
            -0.38268343148904366,
            -3.268869152445175e-08,
            -8.349735916568513e-09
        ],
        [
            -3.071417271557908e-09,
            -2.140654327409397e-08,
            -6.185420652234097e-10,
            -3.097350166278434e-08,
            1.5822256343653307e-09,
            -2.48686151844979e-08,
            -0.27059804920009156,
            -0.27059805385013835
        ],
        [
            1.1121858078597113e-09,
            2.0949537923864447e-08,
            6.792855434395451e-09,
            -2.6332155400599078e-08,
            2.9653273239671485e-09,
            -3.22330356086753e-08,
            -0.2705980422059218,
            0.27059805543898957
        ]
    ],
    "target_gate.real": [
        [
            1.0,
            0.0,
            0.0,
            0.0,
            0.0,
            0.0,
            0.0,
            0.0
        ],
        [
            0.0,
            1.0,
            0.0,
            0.0,
            0.0,
            0.0,
            0.0,
            0.0
        ],
        [
            0.0,
            0.0,
            1.0,
            0.0,
            0.0,
            0.0,
            0.0,
            0.0
        ],
        [
            0.0,
            0.0,
            0.0,
            1.0,
            0.0,
            0.0,
            0.0,
            0.0
        ],
        [
            0.0,
            0.0,
            0.0,
            0.0,
            1.0,
            0.0,
            0.0,
            0.0
        ],
        [
            0.0,
            0.0,
            0.0,
            0.0,
            0.0,
            1.0,
            0.0,
            0.0
        ],
        [
            0.0,
            0.0,
            0.0,
            0.0,
            0.0,
            0.0,
            0.7071067811865476,
            0.7071067811865476
        ],
        [
            0.0,
            0.0,
            0.0,
            0.0,
            0.0,
            0.0,
            0.7071067811865476,
            -0.7071067811865476
        ]
    ],