{
    "num_qubits": 3,
    "J": [
        -0.062257805260601644,
        -1.2087824540276575,
        -0.2274447925863278,
        1.4119900890083807,
        -1.0706101117665403,
        -0.5604162050680859,
        -0.06985627060161323,
        -1.02048712140037,
        1.282220512973299,
        0.0036812494583202088,
        0.3892456512502703,
        -1.5875914198260381,
        -0.3892456850491955,
        0.003681355858662579,
        0.27761029880787386,
        -1.5703249338360894,
        -0.3815824802459159,
        0.8253191508566712,
        -0.19278846862187168,
        -0.8830065049697768,
        1.525333629997585,
        0.883006313920754,
        -0.19278825517402384,
        -1.4863928176686765,
        0.38132381428098583,
        -1.5647195229447046,
        0.16365305723462836,
        0.42443861140141004,
        -0.4901972442029767,
        2.9823149915736975,
        0.490196973758488,
        0.42443870643759624,
        -0.6890275435049659,
        -0.4511800545469954,
        0.544232314208029,
        2.0579313274109032
    ],
    "target_gate.real": [
        [
            1.0,
            0.0,
            0.0,
            0.0,
            0.0,
            0.0,
            0.0,
            0.0
        ],
        [
            0.0,
            1.0,
            0.0,
            0.0,
            0.0,
            0.0,
            0.0,
            0.0
        ],
        [
            0.0,
            0.0,
            1.0,
            0.0,
            0.0,
            0.0,
            0.0,
            0.0
        ],
        [
            0.0,
            0.0,
            0.0,
            1.0,
            0.0,
            0.0,
            0.0,
            0.0
        ],
        [
            0.0,
            0.0,
            0.0,
            0.0,
            1.0,
            0.0,
            0.0,
            0.0
        ],
        [
            0.0,
            0.0,
            0.0,
            0.0,
            0.0,
            1.0,
            0.0,
            0.0
        ],
        [
            0.0,
            0.0,
            0.0,
            0.0,
            0.0,
            0.0,
            1.0,
            0.0
        ],
        [
            0.0,
            0.0,
            0.0,
            0.0,
            0.0,
            0.0,
            0.0,
            0.0
        ]
    ],
    "interactions": [
        [
            0,
            "x"
        ],
        [
            0,
            "y"
        ],
        [
            0,
            "z"
        ],
        [
            1,
            "x"
        ],
        [
            1,
            "y"
        ],
        [
            1,
            "z"
        ],
        [
            2,
            "x"
        ],
        [
            2,
            "y"
        ],
        [
            2,
            "z"
        ],
        [
            [
                0,
                1
            ],
            "xx"
        ],
        [
            [
                0,
                1
            ],
            "xy"
        ],
        [
            [
                0,
                1
            ],
            "xz"
        ],
        [
            [
                0,
                1
            ],
            "yx"
        ],
        [
            [
                0,
                1
            ],
            "yy"
        ],
        [
            [
                0,
                1
            ],
            "yz"
        ],
        [
            [
                0,
                1
            ],
            "zx"
        ],
        [
            [
                0,
                1
            ],
            "zy"
        ],
        [
            [
                0,
                1
            ],
            "zz"
        ],
        [
            [
                0,
                2
            ],
            "xx"
        ],
        [
            [
                0,
                2
            ],
            "xy"
        ],
        [
            [
                0,
                2
            ],
            "xz"
        ],
        [
            [
                0,
                2
            ],
            "yx"
        ],
        [
            [
                0,
                2
            ],
            "yy"
        ],
        [
            [
                0,
                2
            ],
            "yz"
        ],
        [
            [
                0,
                2
            ],
            "zx"
        ],
        [
            [
                0,
                2
            ],
            "zy"
        ],
        [
            [
                0,
                2
            ],
            "zz"
        ],
        [
            [
                1,
                2
            ],
            "xx"
        ],
        [
            [
                1,
                2
            ],
            "xy"
        ],
        [
            [
                1,
                2
            ],
            "xz"
        ],
        [
            [
                1,
                2
            ],
            "yx"
        ],
        [
            [
                1,
                2
            ],
            "yy"
        ],
        [
            [
                1,
                2
            ],
            "yz"
        ],
        [
            [
                1,
                2
            ],
            "zx"
        ],
        [
            [
                1,
                2
            ],
            "zy"
        ],
        [
            [
                1,
                2
            ],
            "zz"
        ]
    ],