{
    "target_gate.issuper": 0,
    "full_unitary.real": [
        [
            0.3826833649093336,
            4.739882465887616e-08,
            7.665596613052397e-08,
            -7.277031339089396e-08,
            -1.2382976639389436e-08,
            5.784520189670314e-08,
            -1.0098540012728102e-07,
            1.5295616838733005e-07
        ],
        [
            5.798406823532774e-08,
            0.38268324662200637,
            3.586680428457711e-08,
            -2.5682160223623742e-08,
            -2.0790527874343118e-08,
            -1.986827505618634e-08,
            8.087825724925628e-08,
            -1.0542553675310594e-06
        ],
        [
            3.713297847594559e-08,
            2.428821073546785e-08,
            0.3826834195054706,
            -5.438492580714841e-08,
            -6.965342483524698e-09,
            5.246180590644622e-09,
            -3.250732003939125e-08,
            -1.606275157193562e-06
        ],
        [
            -3.0710376683574755e-08,
            -1.5714351275252307e-08,
            -3.3748914174795094e-08,
            0.3826834244901577,
            1.2191932718338446e-08,
            3.9712775701745486e-08,
            -6.18429606102649e-08,
            7.0907338663130364e-09
        ],
        [
            -2.752412558190959e-08,
            -4.817134947139024e-09,
            -1.2821401954483055e-08,
            2.4681936559867456e-09,
            0.38268338198843116,
            4.439706179557233e-08,
            -2.2972090903139226e-08,
            -1.1457786095281413e-06
        ],
        [
            1.498711731726882e-07,
            -1.3945706248939317e-08,
            7.502414260793324e-08,
            -4.311650435060627e-08,
            3.134183939103828e-08,
            0.3826835366536126,
            -1.0008454554023732e-08,
            -2.9089635126072695e-07
        ],
        [
            5.413110034773798e-08,
            -1.265067294934606e-07,
            -3.509573568145421e-08,
            -6.904495280919185e-08,
            3.8185590637508505e-08,
            -6.376802252811413e-08,
            0.38268350262048695,
            1.5307986490959128e-07
        ],
        [
            2.910831420141718e-08,
            1.0876432271565522e-06,
            2.146833490895103e-07,
            -9.914166688827261e-08,
            1.8958594356053461e-06,
            4.3166819932949527e-07,
            6.939680311936107e-09,
            -0.3826835821274458
        ]
    ],
    "net_topology": null,
    "num_system_qubits": 3,
    "num_qubits": 3,
    "full_unitary.imag": [
        [
            0.9238795604522935,
            -3.460261983760744e-08,
            2.4142399582720065e-08,
            -2.933929482957993e-08,
            2.6542555350947017e-08,
            -1.5410451158032915e-07,
            -1.7753841875985853e-07,
            1.9412170776178251e-07
        ],
        [
            -9.048259224223115e-09,
            0.9238796094477973,
            1.5203366161313706e-09,
            -3.4584699398624106e-09,
            -1.3980513030132431e-08,
            -1.4656716906164794e-10,
            2.597855704325035e-07,
            4.839044479018196e-07
        ],
        [
            -7.127480285269242e-08,
            -2.6438509241548066e-08,
            0.9238795378355886,
            -6.656537383876583e-09,
            1.1161781520373724e-08,
            -1.0085514509044486e-07,
            1.7125703634667876e-08,
            -1.3026666733042512e-06
        ],
        [
            7.220243969227545e-08,
            2.0605539533810607e-08,
            4.3162608398903656e-08,
            0.9238795357731666,
            8.701314771910127e-09,
            1.0068865016909672e-07,
            3.5801389931876696e-08,
            -1.33116718733009e-07
        ],
        [
            -1.0012646672312156e-08,
            2.458546556968381e-08,
            -2.9656702591083354e-09,
            -1.4773509053035834e-08,
            0.9238795533759887,
            7.266409261362053e-11,
            -7.69752592248449e-08,
            1.5353714807888835e-06
        ],
        [
            6.80655503571523e-08,
            1.4152240736060446e-08,
            6.760602415345072e-08,
            -9.927873616243034e-08,
            -3.144562753017001e-08,
            0.9238794893134272,
            8.017303372640133e-08,
            3.195747507822646e-07
        ],
        [
            1.9694603514180442e-07,
            -2.408855538654474e-07,
            1.0876897054200487e-08,
            1.841418123580095e-08,
            7.067355278549888e-08,
            -4.9613835987615105e-08,
            0.9238795034104456,
            1.6289362019210874e-07
        ],
        [
            2.454211670371711e-07,
            -4.032989651609967e-07,
            -2.0569325632072497e-06,
            -8.911375136897248e-08,
            2.7548357217508326e-07,
            2.0278642266749486e-08,
            2.2342683499065507e-07,
            -0.9238794704724738
        ]
    ],
    "target_gate.imag": [
        [
            0.0,
            0.0,
            0.0,
            0.0,
            0.0,
            0.0,
            0.0,
            0.0
        ],
        [
            0.0,
            0.0,
            0.0,
            0.0,
            0.0,
            0.0,
            0.0,
            0.0
        ],
        [
            0.0,
            0.0,
            0.0,
            0.0,
            0.0,
            0.0,
            0.0,
            0.0
        ],
        [
            0.0,
            0.0,
            0.0,
            0.0,
            0.0,
            0.0,
            0.0,
            0.0
        ],
        [
            0.0,
            0.0,
            0.0,
            0.0,
            0.0,
            0.0,
            0.0,
            0.0
        ],
        [
            0.0,
            0.0,
            0.0,
            0.0,
            0.0,
            0.0,
            0.0,
            0.0
        ],
        [
            0.0,
            0.0,
            0.0,
            0.0,
            0.0,
            0.0,
            0.0,
            0.0
        ],
        [
            0.0,
            0.0,
            0.0,
            0.0,
            0.0,
            0.0,
            0.0,
            0.0
        ]
    ],
    "interactions": [
        [
            0,
            "x"
        ],
        [
            0,
            "y"
        ],
        [
            0,
            "z"
        ],
        [
            1,
            "x"
        ],
        [
            1,
            "y"
        ],
        [
            1,
            "z"
        ],
        [
            2,
            "x"
        ],
        [
            2,
            "y"
        ],
        [
            2,
            "z"
        ],
        [
            [
                0,
                1
            ],
            "xx"
        ],
        [
            [
                0,
                1
            ],
            "xy"
        ],
        [
            [
                0,
                1
            ],
            "xz"
        ],
        [
            [
                0,
                1
            ],
            "yx"
        ],
        [
            [
                0,
                1
            ],
            "yy"
        ],
        [
            [
                0,
                1
            ],
            "yz"
        ],
        [
            [
                0,
                1
            ],
            "zx"
        ],
        [
            [
                0,
                1
            ],